humid air	62960
humid climate	57569
humid regions	45599
humid tropics	44809
humid conditions	42778
humid climates	37074
humid atmosphere	32490
humid areas	29677
humid weather	27214
humid environment	14662
humid heat	14590
humid summer	11941
humid day	11614
humid region	11159
humid forest	9290
humid environments	9106
humid days	8548
humid summers	7623
humid night	7303
humid forests	7103
humid zone	6002
humid chamber	5399
humid zones	4637
humid parts	4466
humid area	4344
humid soil	4144
humid lands	3955
humid way	3615
humid lowlands	3495
humid places	3313
humid sections	3258
humid period	3243
humid soils	3206
humid eyes	3160
humid East	2831
humid atmospheres	2666
humid periods	2631
humid afternoon	2528
humid subtropics	2144
humid months	2105
humid evening	2089
humid season	2050
humid coast	1925
humid country	1875
humid August	1846
humid nights	1820
humid morning	1817
humid room	1808
humid countries	1767
humid place	1761
humid districts	1719
humid phase	1713
humid jungle	1646
humid earth	1620
humid state	1608
humid condition	1546
humid warmth	1530
humid land	1489
humid valleys	1392
humid winds	1378
humid habitats	1346
humid wind	1343
humid breeze	1332
humid part	1330
humid darkness	1295
humid mountain	1270
humid lowland	1268
humid plains	1264
humid rain	1225
humid July	1177
humid situations	1155
humid portions	1154
humid ones	1063
humid nature	1044
humid belt	1038
humid jungles	1038
humid phases	1031
humid South	994
humid localities	933
humid south	863
humid seasons	858
humid grasslands	826
humid years	819
humid savanna	803
humid volume	788
humid locations	770
humid asthma	770
humid ground	755
humid Tropics	738
humid states	730
humid winters	726
humid eye	710
humid sites	706
humid monsoon	704
humid surface	701
humid microclimate	699
humid gas	678
humid breath	665
humid surroundings	649
humid temperature	625
humid mountains	615
humid type	613
humid section	612
humid Pacific	612
humid bow	603
humid wall	598
humid pampa	595
humid spring	588
humid winter	586
humid New	585
humid city	584
humid vapours	583
humid savannas	578
humid haze	569
humid portion	559
humid valley	557
humid sky	555
humid June	552
humid exhalations	539
humid light	530
humid mid	528
humid rooms	515
humid greenhouse	511
humid element	495
humid side	495
humid layer	490
humid Sunday	489
humid Florida	488
humid Gulf	485
humid smell	484
humid mist	482
humid character	474
humid highlands	468
humid sea	467
humid slopes	461
humid evergreen	459
humid year	455
humid spots	451
humid Washington	449
humid fog	447
humid process	434
humid method	431
humid plain	430
humid month	429
humid temperatures	427
humid north	425
humid east	424
humid outside	421
humid West	419
humid swamps	418
humid farming	404
humid box	402
humid prairies	401
humid cloud	400
humid temperament	399
humid pampas	397
humid river	393
humid rainforests	391
humid evenings	391
humid grassland	389
humid train	385
humid spot	379
humid chambers	376
humid mass	375
humid habitat	375
humid floor	373
humid Southeast	372
humid vegetation	368
humid climes	364
humid Saturday	363
humid afternoons	360
humid September	359
humid interior	357
humid clouds	352
humid nightblue	348
humid location	347
humid margins	342
humid landscapes	341
humid vapour	341
humid skies	337
humid rainforest	336
humid vapors	336
humid storage	335
humid today	334
humid belts	330
humid island	328
humid shade	328
humid woods	321
humid lips	318
humid coasts	318
humid bodies	314
humid meadows	313
humid walls	313
humid streets	310
humid tropic	305
humid veil	300
humid weathering	300
humid assay	298
humid district	298
humid Amazon	298
humid prairie	288
humid flowers	286
humid situation	286
humid types	285
humid transition	284
humid body	282
humid uplands	279
humid time	277
humid landscape	271
humid stillness	269
humid particles	265
humid cellars	263
humid sand	262
humid cellar	259
humid things	259
humid times	257
humid clay	256
humid sun	252
humid boundary	251
humid oxygen	248
humid substance	245
humid medium	244
humid autumn	244
humid cycle	243
humid salt	243
humid world	241
humid basin	239
humid matter	239
humid vapor	238
humid woodland	238
humid shadows	235
humid depths	234
humid North	232
humid woodlands	230
humid caves	224
humid Chaco	223
humid west	223
humid space	222
humid silence	221
humid upland	218
humid tracts	216
humid leaves	215
humid Midwest	212
humid islands	207
humid savannah	206
humid cities	205
humid ity	202
humid fogs	202
humid breezes	201
humid Texas	201
humid spell	200
humid scent	200
humid mists	199
humid principle	199
humid form	198
humid southeast	198
humid dusk	197
humid Friday	197
humid micro	195
humid spells	195
humid terrain	193
humid gases	193
humid Pampa	191
humid episode	191
humid basement	189
humid shores	188
humid aging	187
humid wood	186
humid gangrene	185
humid gloom	183
humid hills	183
humid Africa	182
humid house	182
humid maze	181
humid ecosystems	181
humid cell	181
humid garden	180
humid fragrance	180
humid nitrogen	179
humid incubator	179
humid layers	178
humid substances	178
humid site	176
humid Eastern	176
humid agriculture	175
humid Pampas	174
humid kitchen	173
humid flesh	173
humid clime	171
humid sunshine	171
humid currents	171
humid Louisiana	170
humid episodes	170
humid bathroom	170
humid banks	169
humid steam	169
humid rocks	169
humid tetter	168
humid inside	168
humid England	168
humid Houston	168
humid cave	167
humid settings	167
humid life	166
humid States	165
humid Mississippi	165
humid look	164
humid mornings	163
humid chill	163
humid delta	163
humid conductors	162
humid moss	160
humid conductor	160
humid Northeast	159
humid bed	158
humid hours	158
humid moisture	158
humid blanket	157
humid front	157
humid grass	157
humid skin	157
humid province	156
humid fans	156
humid regime	156
humid northeast	155
humid mixture	154
humid airs	154
humid trees	153
humid tract	152
humid strip	151
humid sub	150
humid twilight	150
humid sweat	149
humid equatorial	149
humid half	148
humid pasture	147
humid intervals	147
humid interval	146
humid cold	145
humid dawn	145
humid tropical	145
humid basins	144
humid steppe	143
humid margin	143
humid formations	143
humid landforms	142
humid Monday	142
humid setting	140
humid exhaust	139
humid microclimates	137
humid microthermal	137
humid grounds	136
humid quality	136
humid gloss	136
humid surfaces	136
humid eruption	135
humid pall	134
humid container	133
humid Transition	132
humid ambient	132
humid pastures	131
humid heats	131
humid elements	131
humid division	130
humid coolness	130
humid stone	130
humid midsummer	129
humid United	129
humid rock	129
humid depressions	128
humid corridors	127
humid faces	126
humid gleam	126
humid locality	126
humid environs	126
humid aspect	125
humid gardens	125
humid bubbles	124
humid hands	124
humid fields	123
humid end	123
humid hydrogen	119
humid ravines	119
humid highland	119
humid variant	118
humid microhabitats	118
humid stage	118
humid sands	117
humid pearls	117
humid factories	115
humid eruptions	115
humid odor	115
humid headwater	115
humid Virginia	114
humid kind	114
humid Central	114
humid microenvironment	114
humid hand	114
humid greenhouses	114
humid exhalation	112
humid wilderness	111
humid confines	111
humid material	110
humid fire	110
humid Humid	110
humid cotton	110
humid epoch	109
humid sunlight	109
humid burrows	108
humid analysis	108
humid interiors	107
humid tenderness	107
humid current	107
humid meadow	107
humid shadow	107
humid rice	106
humid degrees	105
humid temperate	104
humid masses	104
humid April	104
humid arms	104
humid town	103
humid karst	103
humid stratum	103
humid kiss	103
humid swamp	102
humid cells	102
humid sides	102
humid effects	102
humid gaze	102
humid stench	100
humid biotopes	99
humid Philadelphia	99
humid gales	98
humid mouth	98
humid hill	97
humid spaces	97
humid mT	95
humid America	94
humid vesture	94
humid savannahs	94
humid crackling	94
humid terrarium	94
humid Georgia	93
humid provinces	93
humid October	93
humid Miami	92
humid Tuesday	92
humid field	92
humid softness	91
humid Bow	91
humid midlatitudes	91
humid foothills	91
humid coastlands	91
humid circumstances	91
humid spirits	90
humid street	90
humid erosion	90
humid drainage	90
humid plant	90
humid lustre	90
humid brightness	90
humid weaving	90
humid desert	89
humid past	89
humid oven	89
humid divisions	88
humid stages	88
humid trade	87
humid blackness	87
humid closeness	87
humid Wednesday	87
humid wings	86
humid versus	86
humid burrow	86
humid northwest	85
humid weeks	85
humid weight	84
humid catchment	84
humid pine	83
humid kisses	83
humid territory	83
humid odors	81
humid incense	81
humid hothouse	81
humid terrains	81
humid glow	81
humid stream	80
humid Guinea	80
humid Northwest	80
humid timber	80
humid glance	80
humid cavern	80
humid shades	79
humid hollows	79
humid cycles	79
humid range	79
humid variety	79
humid prison	79
humid catchments	79
humid position	79
humid dungeon	78
humid scall	78
humid beams	78
humid deposits	78
humid marshes	78
humid embrace	77
humid dust	77
humid green	77
humid species	77
humid midday	77
humid southwest	77
humid epochs	77
humid acids	76
humid waters	76
humid Zones	76
humid capital	76
humid spirit	76
humid subsoil	76
humid home	76
humid freshness	76
humid strata	76
humid systems	76
humid middle	75
humid mesothermal	75
humid stations	75
humid Middle	75
humid Fig	75
humid decay	75
humid hall	75
humid Iowa	75
humid cough	74
humid quarters	74
humid sheets	73
humid Chicago	73
humid paper	72
humid appearance	72
humid Thursday	72
humid clinging	71
humid Missouri	71
humid nymphs	71
humid inland	71
humid tunnels	70
humid odours	70
humid latitudes	70
humid influence	70
humid work	70
humid corner	70
humid straw	69
humid vallies	69
humid corners	69
humid source	69
humid shore	69
humid Europe	69
humid forms	69
humid flats	69
humid premontane	69
humid tunnel	69
humid face	69
humid glass	68
humid glasshouse	68
humid neotropics	68
humid Mediterranean	67
humid fall	67
humid Semi	67
humid growth	67
humid dog	66
humid Indian	66
humid sheds	66
humid nest	65
humid borders	65
humid coastline	65
humid blast	65
humid locales	64
humid dells	64
humid processes	64
humid foliage	64
humid edge	64
humid bank	64
humid Coastal	64
humid airstream	64
humid limestone	63
humid cabin	63
humid mines	63
humid perfume	63
humid rays	62
humid apartment	62
humid outdoors	62
humid wheat	62
humid water	62
humid damps	62
humid semi	62
humid planet	62
humid sectors	62
humid noon	61
humid fringe	61
humid hairs	61
humid Echo	61
humid acid	61
humid station	61
humid influences	61
humid oak	61
humid hay	60
humid hair	60
humid shelter	60
humid paramo	60
humid gulf	60
humid crevices	60
humid hell	60
humid airstreams	60
humid cli	59
humid constitution	59
humid vehicle	59
humid flora	58
humid San	58
humid recesses	58
humid waves	58
humid tonight	58
humid laboratory	58
humid littoral	58
humid Figure	58
humid complexion	58
humid ification	57
humid swamplands	57
humid vaults	57
humid steed	57
humid flood	57
humid May	57
humid December	57
humid Indiana	57
humid peat	57
humid fingers	56
humid flatlands	56
humid undergrowth	56
humid samples	56
humid dungeons	56
humid bottom	56
humid bush	56
humid weekend	55
humid Congo	55
humid November	55
humid Delta	55
humid office	55
humid border	55
humid one	55
humid tongues	55
humid Zone	55
humid Evening	54
humid Climate	54
humid Lower	54
humid tent	54
humid slope	54
humid radiance	54
humid springs	54
humid kitchens	53
humid touch	53
humid Black	53
humid enclosure	53
humid exposure	53
humid building	53
humid Asia	53
humid countryside	53
humid regimes	52
humid niches	52
humid marsh	52
humid aroma	52
humid Australia	52
humid dampness	52
humid plants	52
humid montane	51
humid canyons	51
humid microenvironments	51
humid operating	51
humid sector	51
humid leaf	51
humid gallery	51
humid conservatory	51
humid port	51
humid week	50
humid deltas	50
humid filter	50
humid vault	50
humid territories	50
humid Japan	50
humid pockets	50
humid dreams	50
humid Western	50
humid calm	50
humid caverns	50
humid hole	49
humid depth	49
humid furnace	49
humid torpor	49
humid thickets	49
humid scents	49
humid lake	49
humid buildings	49
humid bottomlands	48
humid Hong	48
humid heart	48
humid Softness	48
humid Ohio	48
humid textile	48
humid Table	48
humid Atlantic	48
humid interglacials	48
humid elevations	48
humid discomfort	48
humid tongue	48
humid applications	48
humid Bombay	47
humid mud	47
humid February	47
humid Tokyo	46
humid farm	46
humid case	46
humid gorges	46
humid odour	46
humid sleep	46
humid brilliancy	46
humid rainfall	46
humid flow	46
humid nostrils	45
humid bedroom	45
humid Baltimore	45
humid Atlanta	45
humid folds	45
humid languor	45
humid wing	45
humid drizzle	44
humid production	44
humid patches	44
humid adj	44
humid glare	44
humid westerlies	44
humid March	44
humid classroom	44
humid gallantry	44
humid dark	44
humid hallway	43
humid sirocco	43
humid tundra	43
humid feeling	42
humid matters	42
humid expanse	42
humid lids	42
humid sort	42
humid tangle	42
humid Alabama	42
humid Carolina	41
humid London	41
humid gusts	41
humid Lancashire	41
humid warehouses	41
humid Singapore	41
humid moon	41
humid horror	41
humid corridor	41
humid Boston	41
humid star	40
humid basements	40
humid grotto	40
